user_profile,project_id,project_title,user_techs,project_techs,features,enhanced_score,label
React 초급자,1,React 기반 쇼핑몰 개발,"['html', 'javascript', 'react']","['express', 'mongodb', 'node.js', 'react', 'typescript']",[0.14285714285714285],0.1758,1
React 초급자,2,Vue3 + Nuxt 포트폴리오 사이트,"['html', 'javascript', 'react']","['nuxt.js', 'tailwind css', 'typescript', 'vue.js']",[0.0],0.03,0
React 초급자,3,Django REST API 서버 구축,"['html', 'javascript', 'react']","['django', 'docker', 'postgresql', 'python', 'redis']",[0.0],0.03,0
React 초급자,4,Spring Boot 마이크로서비스,"['html', 'javascript', 'react']","['docker', 'java', 'kubernetes', 'postgresql', 'spring boot']",[0.0],0.03,0
React 초급자,5,Node.js 실시간 채팅 앱,"['html', 'javascript', 'react']","['express', 'mongodb', 'node.js', 'redis', 'socket.io']",[0.0],0.03,0
React 초급자,6,React Native 투두 앱,"['html', 'javascript', 'react']","['expo', 'firebase', 'react native', 'typescript']",[0.0],0.03,0
React 초급자,7,Flutter 전자상거래 앱,"['html', 'javascript', 'react']","['dart', 'firebase', 'flutter', 'sqlite']",[0.0],0.03,0
React 초급자,8,FastAPI 비동기 웹서버,"['html', 'javascript', 'react']","['fastapi', 'postgresql', 'python', 'redis', 'sqlalchemy']",[0.0],0.03,0
React 초급자,9,Angular 관리자 대시보드,"['html', 'javascript', 'react']","['angular', 'chart.js', 'material ui', 'rxjs', 'typescript']",[0.0],0.03,0
React 초급자,10,SvelteKit 블로그 플랫폼,"['html', 'javascript', 'react']","['prisma', 'sqlite', 'svelte', 'sveltekit', 'typescript']",[0.0],0.03,0
React 초급자,11,Go 마이크로서비스 API,"['html', 'javascript', 'react']","['docker', 'gin', 'go', 'grpc', 'postgresql']",[0.0],0.03,0
React 초급자,12,.NET Core 웹 애플리케이션,"['html', 'javascript', 'react']","['.net core', 'azure', 'c#', 'entity framework', 'sql server']",[0.0],0.03,0
React 초급자,13,Laravel CMS 시스템,"['html', 'javascript', 'react']","['blade', 'eloquent orm', 'laravel', 'mysql', 'php']",[0.0],0.03,0
React 초급자,14,Rust 고성능 웹서버,"['html', 'javascript', 'react']","['actix web', 'diesel', 'postgresql', 'redis', 'rust']",[0.0],0.03,0
React 초급자,15,Unity 2D 인디게임,"['html', 'javascript', 'react']","['blender', 'c#', 'unity', 'visual scripting']",[0.0],0.03,0
React 초급자,16,Kubernetes 클러스터 구축,"['html', 'javascript', 'react']","['aws', 'docker', 'jenkins', 'kubernetes', 'terraform']",[0.0],0.03,0
React 초급자,17,Python ML 추천시스템,"['html', 'javascript', 'react']","['fastapi', 'numpy', 'pandas', 'python', 'scikit learn', 'tensorflow']",[0.0],0.03,0
React 중급자,1,React 기반 쇼핑몰 개발,"['javascript', 'react', 'typescript', 'node.js']","['express', 'mongodb', 'node.js', 'react', 'typescript']",[0.5],0.4656,1
React 중급자,2,Vue3 + Nuxt 포트폴리오 사이트,"['javascript', 'react', 'typescript', 'node.js']","['nuxt.js', 'tailwind css', 'typescript', 'vue.js']",[0.14285714285714285],0.177,1
React 중급자,3,Django REST API 서버 구축,"['javascript', 'react', 'typescript', 'node.js']","['django', 'docker', 'postgresql', 'python', 'redis']",[0.0],0.03,0
React 중급자,4,Spring Boot 마이크로서비스,"['javascript', 'react', 'typescript', 'node.js']","['docker', 'java', 'kubernetes', 'postgresql', 'spring boot']",[0.0],0.03,0
React 중급자,5,Node.js 실시간 채팅 앱,"['javascript', 'react', 'typescript', 'node.js']","['express', 'mongodb', 'node.js', 'redis', 'socket.io']",[0.125],0.1541,1
React 중급자,6,React Native 투두 앱,"['javascript', 'react', 'typescript', 'node.js']","['expo', 'firebase', 'react native', 'typescript']",[0.14285714285714285],0.177,1
React 중급자,7,Flutter 전자상거래 앱,"['javascript', 'react', 'typescript', 'node.js']","['dart', 'firebase', 'flutter', 'sqlite']",[0.0],0.03,0
React 중급자,8,FastAPI 비동기 웹서버,"['javascript', 'react', 'typescript', 'node.js']","['fastapi', 'postgresql', 'python', 'redis', 'sqlalchemy']",[0.0],0.03,0
React 중급자,9,Angular 관리자 대시보드,"['javascript', 'react', 'typescript', 'node.js']","['angular', 'chart.js', 'material ui', 'rxjs', 'typescript']",[0.125],0.1608,1
React 중급자,10,SvelteKit 블로그 플랫폼,"['javascript', 'react', 'typescript', 'node.js']","['prisma', 'sqlite', 'svelte', 'sveltekit', 'typescript']",[0.125],0.1608,1
React 중급자,11,Go 마이크로서비스 API,"['javascript', 'react', 'typescript', 'node.js']","['docker', 'gin', 'go', 'grpc', 'postgresql']",[0.0],0.03,0
React 중급자,12,.NET Core 웹 애플리케이션,"['javascript', 'react', 'typescript', 'node.js']","['.net core', 'azure', 'c#', 'entity framework', 'sql server']",[0.0],0.03,0
React 중급자,13,Laravel CMS 시스템,"['javascript', 'react', 'typescript', 'node.js']","['blade', 'eloquent orm', 'laravel', 'mysql', 'php']",[0.0],0.03,0
React 중급자,14,Rust 고성능 웹서버,"['javascript', 'react', 'typescript', 'node.js']","['actix web', 'diesel', 'postgresql', 'redis', 'rust']",[0.0],0.03,0
React 중급자,15,Unity 2D 인디게임,"['javascript', 'react', 'typescript', 'node.js']","['blender', 'c#', 'unity', 'visual scripting']",[0.0],0.03,0
React 중급자,16,Kubernetes 클러스터 구축,"['javascript', 'react', 'typescript', 'node.js']","['aws', 'docker', 'jenkins', 'kubernetes', 'terraform']",[0.0],0.03,0
React 중급자,17,Python ML 추천시스템,"['javascript', 'react', 'typescript', 'node.js']","['fastapi', 'numpy', 'pandas', 'python', 'scikit learn', 'tensorflow']",[0.0],0.03,0
React 고급자,1,React 기반 쇼핑몰 개발,"['javascript', 'react', 'node.js', 'typescript', 'redux']","['express', 'mongodb', 'node.js', 'react', 'typescript']",[0.42857142857142855],0.4056,1
React 고급자,2,Vue3 + Nuxt 포트폴리오 사이트,"['javascript', 'react', 'node.js', 'typescript', 'redux']","['nuxt.js', 'tailwind css', 'typescript', 'vue.js']",[0.125],0.1565,1
React 고급자,3,Django REST API 서버 구축,"['javascript', 'react', 'node.js', 'typescript', 'redux']","['django', 'docker', 'postgresql', 'python', 'redis']",[0.0],0.03,0
React 고급자,4,Spring Boot 마이크로서비스,"['javascript', 'react', 'node.js', 'typescript', 'redux']","['docker', 'java', 'kubernetes', 'postgresql', 'spring boot']",[0.0],0.03,0
React 고급자,5,Node.js 실시간 채팅 앱,"['javascript', 'react', 'node.js', 'typescript', 'redux']","['express', 'mongodb', 'node.js', 'redis', 'socket.io']",[0.1111111111111111],0.1425,0
React 고급자,6,React Native 투두 앱,"['javascript', 'react', 'node.js', 'typescript', 'redux']","['expo', 'firebase', 'react native', 'typescript']",[0.125],0.1565,1
React 고급자,7,Flutter 전자상거래 앱,"['javascript', 'react', 'node.js', 'typescript', 'redux']","['dart', 'firebase', 'flutter', 'sqlite']",[0.0],0.03,0
React 고급자,8,FastAPI 비동기 웹서버,"['javascript', 'react', 'node.js', 'typescript', 'redux']","['fastapi', 'postgresql', 'python', 'redis', 'sqlalchemy']",[0.0],0.03,0
React 고급자,9,Angular 관리자 대시보드,"['javascript', 'react', 'node.js', 'typescript', 'redux']","['angular', 'chart.js', 'material ui', 'rxjs', 'typescript']",[0.1111111111111111],0.1425,0
React 고급자,10,SvelteKit 블로그 플랫폼,"['javascript', 'react', 'node.js', 'typescript', 'redux']","['prisma', 'sqlite', 'svelte', 'sveltekit', 'typescript']",[0.1111111111111111],0.1425,0
React 고급자,11,Go 마이크로서비스 API,"['javascript', 'react', 'node.js', 'typescript', 'redux']","['docker', 'gin', 'go', 'grpc', 'postgresql']",[0.0],0.03,0
React 고급자,12,.NET Core 웹 애플리케이션,"['javascript', 'react', 'node.js', 'typescript', 'redux']","['.net core', 'azure', 'c#', 'entity framework', 'sql server']",[0.0],0.03,0
React 고급자,13,Laravel CMS 시스템,"['javascript', 'react', 'node.js', 'typescript', 'redux']","['blade', 'eloquent orm', 'laravel', 'mysql', 'php']",[0.0],0.03,0
React 고급자,14,Rust 고성능 웹서버,"['javascript', 'react', 'node.js', 'typescript', 'redux']","['actix web', 'diesel', 'postgresql', 'redis', 'rust']",[0.0],0.03,0
React 고급자,15,Unity 2D 인디게임,"['javascript', 'react', 'node.js', 'typescript', 'redux']","['blender', 'c#', 'unity', 'visual scripting']",[0.0],0.03,0
React 고급자,16,Kubernetes 클러스터 구축,"['javascript', 'react', 'node.js', 'typescript', 'redux']","['aws', 'docker', 'jenkins', 'kubernetes', 'terraform']",[0.0],0.03,0
React 고급자,17,Python ML 추천시스템,"['javascript', 'react', 'node.js', 'typescript', 'redux']","['fastapi', 'numpy', 'pandas', 'python', 'scikit learn', 'tensorflow']",[0.0],0.03,0
Vue 초급자,1,React 기반 쇼핑몰 개발,"['html', 'javascript', 'vue.js']","['express', 'mongodb', 'node.js', 'react', 'typescript']",[0.0],0.03,0
Vue 초급자,2,Vue3 + Nuxt 포트폴리오 사이트,"['html', 'javascript', 'vue.js']","['nuxt.js', 'tailwind css', 'typescript', 'vue.js']",[0.16666666666666666],0.194,1
Vue 초급자,3,Django REST API 서버 구축,"['html', 'javascript', 'vue.js']","['django', 'docker', 'postgresql', 'python', 'redis']",[0.0],0.03,0
Vue 초급자,4,Spring Boot 마이크로서비스,"['html', 'javascript', 'vue.js']","['docker', 'java', 'kubernetes', 'postgresql', 'spring boot']",[0.0],0.03,0
Vue 초급자,5,Node.js 실시간 채팅 앱,"['html', 'javascript', 'vue.js']","['express', 'mongodb', 'node.js', 'redis', 'socket.io']",[0.0],0.03,0
Vue 초급자,6,React Native 투두 앱,"['html', 'javascript', 'vue.js']","['expo', 'firebase', 'react native', 'typescript']",[0.0],0.03,0
Vue 초급자,7,Flutter 전자상거래 앱,"['html', 'javascript', 'vue.js']","['dart', 'firebase', 'flutter', 'sqlite']",[0.0],0.03,0
Vue 초급자,8,FastAPI 비동기 웹서버,"['html', 'javascript', 'vue.js']","['fastapi', 'postgresql', 'python', 'redis', 'sqlalchemy']",[0.0],0.03,0
Vue 초급자,9,Angular 관리자 대시보드,"['html', 'javascript', 'vue.js']","['angular', 'chart.js', 'material ui', 'rxjs', 'typescript']",[0.0],0.03,0
Vue 초급자,10,SvelteKit 블로그 플랫폼,"['html', 'javascript', 'vue.js']","['prisma', 'sqlite', 'svelte', 'sveltekit', 'typescript']",[0.0],0.03,0
Vue 초급자,11,Go 마이크로서비스 API,"['html', 'javascript', 'vue.js']","['docker', 'gin', 'go', 'grpc', 'postgresql']",[0.0],0.03,0
Vue 초급자,12,.NET Core 웹 애플리케이션,"['html', 'javascript', 'vue.js']","['.net core', 'azure', 'c#', 'entity framework', 'sql server']",[0.0],0.03,0
Vue 초급자,13,Laravel CMS 시스템,"['html', 'javascript', 'vue.js']","['blade', 'eloquent orm', 'laravel', 'mysql', 'php']",[0.0],0.03,0
Vue 초급자,14,Rust 고성능 웹서버,"['html', 'javascript', 'vue.js']","['actix web', 'diesel', 'postgresql', 'redis', 'rust']",[0.0],0.03,0
Vue 초급자,15,Unity 2D 인디게임,"['html', 'javascript', 'vue.js']","['blender', 'c#', 'unity', 'visual scripting']",[0.0],0.03,0
Vue 초급자,16,Kubernetes 클러스터 구축,"['html', 'javascript', 'vue.js']","['aws', 'docker', 'jenkins', 'kubernetes', 'terraform']",[0.0],0.03,0
Vue 초급자,17,Python ML 추천시스템,"['html', 'javascript', 'vue.js']","['fastapi', 'numpy', 'pandas', 'python', 'scikit learn', 'tensorflow']",[0.0],0.03,0
Vue 중급자,1,React 기반 쇼핑몰 개발,"['javascript', 'vue.js', 'typescript', 'nuxt.js']","['express', 'mongodb', 'node.js', 'react', 'typescript']",[0.125],0.1608,1
Vue 중급자,2,Vue3 + Nuxt 포트폴리오 사이트,"['javascript', 'vue.js', 'typescript', 'nuxt.js']","['nuxt.js', 'tailwind css', 'typescript', 'vue.js']",[0.6],0.5321,1
Vue 중급자,3,Django REST API 서버 구축,"['javascript', 'vue.js', 'typescript', 'nuxt.js']","['django', 'docker', 'postgresql', 'python', 'redis']",[0.0],0.03,0
Vue 중급자,4,Spring Boot 마이크로서비스,"['javascript', 'vue.js', 'typescript', 'nuxt.js']","['docker', 'java', 'kubernetes', 'postgresql', 'spring boot']",[0.0],0.03,0
Vue 중급자,5,Node.js 실시간 채팅 앱,"['javascript', 'vue.js', 'typescript', 'nuxt.js']","['express', 'mongodb', 'node.js', 'redis', 'socket.io']",[0.0],0.03,0
Vue 중급자,6,React Native 투두 앱,"['javascript', 'vue.js', 'typescript', 'nuxt.js']","['expo', 'firebase', 'react native', 'typescript']",[0.14285714285714285],0.177,1
Vue 중급자,7,Flutter 전자상거래 앱,"['javascript', 'vue.js', 'typescript', 'nuxt.js']","['dart', 'firebase', 'flutter', 'sqlite']",[0.0],0.03,0
Vue 중급자,8,FastAPI 비동기 웹서버,"['javascript', 'vue.js', 'typescript', 'nuxt.js']","['fastapi', 'postgresql', 'python', 'redis', 'sqlalchemy']",[0.0],0.03,0
Vue 중급자,9,Angular 관리자 대시보드,"['javascript', 'vue.js', 'typescript', 'nuxt.js']","['angular', 'chart.js', 'material ui', 'rxjs', 'typescript']",[0.125],0.1608,1
Vue 중급자,10,SvelteKit 블로그 플랫폼,"['javascript', 'vue.js', 'typescript', 'nuxt.js']","['prisma', 'sqlite', 'svelte', 'sveltekit', 'typescript']",[0.125],0.1608,1
Vue 중급자,11,Go 마이크로서비스 API,"['javascript', 'vue.js', 'typescript', 'nuxt.js']","['docker', 'gin', 'go', 'grpc', 'postgresql']",[0.0],0.03,0
Vue 중급자,12,.NET Core 웹 애플리케이션,"['javascript', 'vue.js', 'typescript', 'nuxt.js']","['.net core', 'azure', 'c#', 'entity framework', 'sql server']",[0.0],0.03,0
Vue 중급자,13,Laravel CMS 시스템,"['javascript', 'vue.js', 'typescript', 'nuxt.js']","['blade', 'eloquent orm', 'laravel', 'mysql', 'php']",[0.0],0.03,0
Vue 중급자,14,Rust 고성능 웹서버,"['javascript', 'vue.js', 'typescript', 'nuxt.js']","['actix web', 'diesel', 'postgresql', 'redis', 'rust']",[0.0],0.03,0
Vue 중급자,15,Unity 2D 인디게임,"['javascript', 'vue.js', 'typescript', 'nuxt.js']","['blender', 'c#', 'unity', 'visual scripting']",[0.0],0.03,0
Vue 중급자,16,Kubernetes 클러스터 구축,"['javascript', 'vue.js', 'typescript', 'nuxt.js']","['aws', 'docker', 'jenkins', 'kubernetes', 'terraform']",[0.0],0.03,0
Vue 중급자,17,Python ML 추천시스템,"['javascript', 'vue.js', 'typescript', 'nuxt.js']","['fastapi', 'numpy', 'pandas', 'python', 'scikit learn', 'tensorflow']",[0.0],0.03,0
Python Django 개발자,1,React 기반 쇼핑몰 개발,"['django', 'python', 'postgresql', 'redis']","['express', 'mongodb', 'node.js', 'react', 'typescript']",[0.0],0.03,0
Python Django 개발자,2,Vue3 + Nuxt 포트폴리오 사이트,"['django', 'python', 'postgresql', 'redis']","['nuxt.js', 'tailwind css', 'typescript', 'vue.js']",[0.0],0.03,0
Python Django 개발자,3,Django REST API 서버 구축,"['django', 'python', 'postgresql', 'redis']","['django', 'docker', 'postgresql', 'python', 'redis']",[0.8],0.6663,1
Python Django 개발자,4,Spring Boot 마이크로서비스,"['django', 'python', 'postgresql', 'redis']","['docker', 'java', 'kubernetes', 'postgresql', 'spring boot']",[0.125],0.1608,1
Python Django 개발자,5,Node.js 실시간 채팅 앱,"['django', 'python', 'postgresql', 'redis']","['express', 'mongodb', 'node.js', 'redis', 'socket.io']",[0.125],0.1541,1
Python Django 개발자,6,React Native 투두 앱,"['django', 'python', 'postgresql', 'redis']","['expo', 'firebase', 'react native', 'typescript']",[0.0],0.03,0
Python Django 개발자,7,Flutter 전자상거래 앱,"['django', 'python', 'postgresql', 'redis']","['dart', 'firebase', 'flutter', 'sqlite']",[0.0],0.03,0
Python Django 개발자,8,FastAPI 비동기 웹서버,"['django', 'python', 'postgresql', 'redis']","['fastapi', 'postgresql', 'python', 'redis', 'sqlalchemy']",[0.5],0.4656,1
Python Django 개발자,9,Angular 관리자 대시보드,"['django', 'python', 'postgresql', 'redis']","['angular', 'chart.js', 'material ui', 'rxjs', 'typescript']",[0.0],0.03,0
Python Django 개발자,10,SvelteKit 블로그 플랫폼,"['django', 'python', 'postgresql', 'redis']","['prisma', 'sqlite', 'svelte', 'sveltekit', 'typescript']",[0.0],0.03,0
Python Django 개발자,11,Go 마이크로서비스 API,"['django', 'python', 'postgresql', 'redis']","['docker', 'gin', 'go', 'grpc', 'postgresql']",[0.125],0.1608,1
Python Django 개발자,12,.NET Core 웹 애플리케이션,"['django', 'python', 'postgresql', 'redis']","['.net core', 'azure', 'c#', 'entity framework', 'sql server']",[0.0],0.03,0
Python Django 개발자,13,Laravel CMS 시스템,"['django', 'python', 'postgresql', 'redis']","['blade', 'eloquent orm', 'laravel', 'mysql', 'php']",[0.0],0.03,0
Python Django 개발자,14,Rust 고성능 웹서버,"['django', 'python', 'postgresql', 'redis']","['actix web', 'diesel', 'postgresql', 'redis', 'rust']",[0.2857142857142857],0.2991,1
Python Django 개발자,15,Unity 2D 인디게임,"['django', 'python', 'postgresql', 'redis']","['blender', 'c#', 'unity', 'visual scripting']",[0.0],0.03,0
Python Django 개발자,16,Kubernetes 클러스터 구축,"['django', 'python', 'postgresql', 'redis']","['aws', 'docker', 'jenkins', 'kubernetes', 'terraform']",[0.0],0.03,0
Python Django 개발자,17,Python ML 추천시스템,"['django', 'python', 'postgresql', 'redis']","['fastapi', 'numpy', 'pandas', 'python', 'scikit learn', 'tensorflow']",[0.1111111111111111],0.149,0
Python FastAPI 개발자,1,React 기반 쇼핑몰 개발,"['fastapi', 'python', 'postgresql', 'sqlalchemy']","['express', 'mongodb', 'node.js', 'react', 'typescript']",[0.0],0.03,0
Python FastAPI 개발자,2,Vue3 + Nuxt 포트폴리오 사이트,"['fastapi', 'python', 'postgresql', 'sqlalchemy']","['nuxt.js', 'tailwind css', 'typescript', 'vue.js']",[0.0],0.03,0
Python FastAPI 개발자,3,Django REST API 서버 구축,"['fastapi', 'python', 'postgresql', 'sqlalchemy']","['django', 'docker', 'postgresql', 'python', 'redis']",[0.2857142857142857],0.3037,1
Python FastAPI 개발자,4,Spring Boot 마이크로서비스,"['fastapi', 'python', 'postgresql', 'sqlalchemy']","['docker', 'java', 'kubernetes', 'postgresql', 'spring boot']",[0.125],0.1597,1
Python FastAPI 개발자,5,Node.js 실시간 채팅 앱,"['fastapi', 'python', 'postgresql', 'sqlalchemy']","['express', 'mongodb', 'node.js', 'redis', 'socket.io']",[0.0],0.03,0
Python FastAPI 개발자,6,React Native 투두 앱,"['fastapi', 'python', 'postgresql', 'sqlalchemy']","['expo', 'firebase', 'react native', 'typescript']",[0.0],0.03,0
Python FastAPI 개발자,7,Flutter 전자상거래 앱,"['fastapi', 'python', 'postgresql', 'sqlalchemy']","['dart', 'firebase', 'flutter', 'sqlite']",[0.0],0.03,0
Python FastAPI 개발자,8,FastAPI 비동기 웹서버,"['fastapi', 'python', 'postgresql', 'sqlalchemy']","['fastapi', 'postgresql', 'python', 'redis', 'sqlalchemy']",[0.8],0.6689,1
Python FastAPI 개발자,9,Angular 관리자 대시보드,"['fastapi', 'python', 'postgresql', 'sqlalchemy']","['angular', 'chart.js', 'material ui', 'rxjs', 'typescript']",[0.0],0.03,0
Python FastAPI 개발자,10,SvelteKit 블로그 플랫폼,"['fastapi', 'python', 'postgresql', 'sqlalchemy']","['prisma', 'sqlite', 'svelte', 'sveltekit', 'typescript']",[0.0],0.03,0
Python FastAPI 개발자,11,Go 마이크로서비스 API,"['fastapi', 'python', 'postgresql', 'sqlalchemy']","['docker', 'gin', 'go', 'grpc', 'postgresql']",[0.125],0.1597,1
Python FastAPI 개발자,12,.NET Core 웹 애플리케이션,"['fastapi', 'python', 'postgresql', 'sqlalchemy']","['.net core', 'azure', 'c#', 'entity framework', 'sql server']",[0.0],0.03,0
Python FastAPI 개발자,13,Laravel CMS 시스템,"['fastapi', 'python', 'postgresql', 'sqlalchemy']","['blade', 'eloquent orm', 'laravel', 'mysql', 'php']",[0.0],0.03,0
Python FastAPI 개발자,14,Rust 고성능 웹서버,"['fastapi', 'python', 'postgresql', 'sqlalchemy']","['actix web', 'diesel', 'postgresql', 'redis', 'rust']",[0.125],0.1597,1
Python FastAPI 개발자,15,Unity 2D 인디게임,"['fastapi', 'python', 'postgresql', 'sqlalchemy']","['blender', 'c#', 'unity', 'visual scripting']",[0.0],0.03,0
Python FastAPI 개발자,16,Kubernetes 클러스터 구축,"['fastapi', 'python', 'postgresql', 'sqlalchemy']","['aws', 'docker', 'jenkins', 'kubernetes', 'terraform']",[0.0],0.03,0
Python FastAPI 개발자,17,Python ML 추천시스템,"['fastapi', 'python', 'postgresql', 'sqlalchemy']","['fastapi', 'numpy', 'pandas', 'python', 'scikit learn', 'tensorflow']",[0.25],0.2771,1
Node.js 개발자,1,React 기반 쇼핑몰 개발,"['express', 'javascript', 'node.js', 'mongodb']","['express', 'mongodb', 'node.js', 'react', 'typescript']",[0.5],0.4656,1
Node.js 개발자,2,Vue3 + Nuxt 포트폴리오 사이트,"['express', 'javascript', 'node.js', 'mongodb']","['nuxt.js', 'tailwind css', 'typescript', 'vue.js']",[0.0],0.03,0
Node.js 개발자,3,Django REST API 서버 구축,"['express', 'javascript', 'node.js', 'mongodb']","['django', 'docker', 'postgresql', 'python', 'redis']",[0.0],0.03,0
Node.js 개발자,4,Spring Boot 마이크로서비스,"['express', 'javascript', 'node.js', 'mongodb']","['docker', 'java', 'kubernetes', 'postgresql', 'spring boot']",[0.0],0.03,0
Node.js 개발자,5,Node.js 실시간 채팅 앱,"['express', 'javascript', 'node.js', 'mongodb']","['express', 'mongodb', 'node.js', 'redis', 'socket.io']",[0.5],0.4656,1
Node.js 개발자,6,React Native 투두 앱,"['express', 'javascript', 'node.js', 'mongodb']","['expo', 'firebase', 'react native', 'typescript']",[0.0],0.03,0
Node.js 개발자,7,Flutter 전자상거래 앱,"['express', 'javascript', 'node.js', 'mongodb']","['dart', 'firebase', 'flutter', 'sqlite']",[0.0],0.03,0
Node.js 개발자,8,FastAPI 비동기 웹서버,"['express', 'javascript', 'node.js', 'mongodb']","['fastapi', 'postgresql', 'python', 'redis', 'sqlalchemy']",[0.0],0.03,0
Node.js 개발자,9,Angular 관리자 대시보드,"['express', 'javascript', 'node.js', 'mongodb']","['angular', 'chart.js', 'material ui', 'rxjs', 'typescript']",[0.0],0.03,0
Node.js 개발자,10,SvelteKit 블로그 플랫폼,"['express', 'javascript', 'node.js', 'mongodb']","['prisma', 'sqlite', 'svelte', 'sveltekit', 'typescript']",[0.0],0.03,0
Node.js 개발자,11,Go 마이크로서비스 API,"['express', 'javascript', 'node.js', 'mongodb']","['docker', 'gin', 'go', 'grpc', 'postgresql']",[0.0],0.03,0
Node.js 개발자,12,.NET Core 웹 애플리케이션,"['express', 'javascript', 'node.js', 'mongodb']","['.net core', 'azure', 'c#', 'entity framework', 'sql server']",[0.0],0.03,0
Node.js 개발자,13,Laravel CMS 시스템,"['express', 'javascript', 'node.js', 'mongodb']","['blade', 'eloquent orm', 'laravel', 'mysql', 'php']",[0.0],0.03,0
Node.js 개발자,14,Rust 고성능 웹서버,"['express', 'javascript', 'node.js', 'mongodb']","['actix web', 'diesel', 'postgresql', 'redis', 'rust']",[0.0],0.03,0
Node.js 개발자,15,Unity 2D 인디게임,"['express', 'javascript', 'node.js', 'mongodb']","['blender', 'c#', 'unity', 'visual scripting']",[0.0],0.03,0
Node.js 개발자,16,Kubernetes 클러스터 구축,"['express', 'javascript', 'node.js', 'mongodb']","['aws', 'docker', 'jenkins', 'kubernetes', 'terraform']",[0.0],0.03,0
Node.js 개발자,17,Python ML 추천시스템,"['express', 'javascript', 'node.js', 'mongodb']","['fastapi', 'numpy', 'pandas', 'python', 'scikit learn', 'tensorflow']",[0.0],0.03,0
Java Spring 개발자,1,React 기반 쇼핑몰 개발,"['java', 'spring boot', 'postgresql', 'docker']","['express', 'mongodb', 'node.js', 'react', 'typescript']",[0.0],0.03,0
Java Spring 개발자,2,Vue3 + Nuxt 포트폴리오 사이트,"['java', 'spring boot', 'postgresql', 'docker']","['nuxt.js', 'tailwind css', 'typescript', 'vue.js']",[0.0],0.03,0
Java Spring 개발자,3,Django REST API 서버 구축,"['java', 'spring boot', 'postgresql', 'docker']","['django', 'docker', 'postgresql', 'python', 'redis']",[0.2857142857142857],0.2991,1
Java Spring 개발자,4,Spring Boot 마이크로서비스,"['java', 'spring boot', 'postgresql', 'docker']","['docker', 'java', 'kubernetes', 'postgresql', 'spring boot']",[0.8],0.6663,1
Java Spring 개발자,5,Node.js 실시간 채팅 앱,"['java', 'spring boot', 'postgresql', 'docker']","['express', 'mongodb', 'node.js', 'redis', 'socket.io']",[0.0],0.03,0
Java Spring 개발자,6,React Native 투두 앱,"['java', 'spring boot', 'postgresql', 'docker']","['expo', 'firebase', 'react native', 'typescript']",[0.0],0.03,0
Java Spring 개발자,7,Flutter 전자상거래 앱,"['java', 'spring boot', 'postgresql', 'docker']","['dart', 'firebase', 'flutter', 'sqlite']",[0.0],0.03,0
Java Spring 개발자,8,FastAPI 비동기 웹서버,"['java', 'spring boot', 'postgresql', 'docker']","['fastapi', 'postgresql', 'python', 'redis', 'sqlalchemy']",[0.125],0.1608,1
Java Spring 개발자,9,Angular 관리자 대시보드,"['java', 'spring boot', 'postgresql', 'docker']","['angular', 'chart.js', 'material ui', 'rxjs', 'typescript']",[0.0],0.03,0
Java Spring 개발자,10,SvelteKit 블로그 플랫폼,"['java', 'spring boot', 'postgresql', 'docker']","['prisma', 'sqlite', 'svelte', 'sveltekit', 'typescript']",[0.0],0.03,0
Java Spring 개발자,11,Go 마이크로서비스 API,"['java', 'spring boot', 'postgresql', 'docker']","['docker', 'gin', 'go', 'grpc', 'postgresql']",[0.2857142857142857],0.2991,1
Java Spring 개발자,12,.NET Core 웹 애플리케이션,"['java', 'spring boot', 'postgresql', 'docker']","['.net core', 'azure', 'c#', 'entity framework', 'sql server']",[0.0],0.03,0
Java Spring 개발자,13,Laravel CMS 시스템,"['java', 'spring boot', 'postgresql', 'docker']","['blade', 'eloquent orm', 'laravel', 'mysql', 'php']",[0.0],0.03,0
Java Spring 개발자,14,Rust 고성능 웹서버,"['java', 'spring boot', 'postgresql', 'docker']","['actix web', 'diesel', 'postgresql', 'redis', 'rust']",[0.125],0.1608,1
Java Spring 개발자,15,Unity 2D 인디게임,"['java', 'spring boot', 'postgresql', 'docker']","['blender', 'c#', 'unity', 'visual scripting']",[0.0],0.03,0
Java Spring 개발자,16,Kubernetes 클러스터 구축,"['java', 'spring boot', 'postgresql', 'docker']","['aws', 'docker', 'jenkins', 'kubernetes', 'terraform']",[0.125],0.1541,1
Java Spring 개발자,17,Python ML 추천시스템,"['java', 'spring boot', 'postgresql', 'docker']","['fastapi', 'numpy', 'pandas', 'python', 'scikit learn', 'tensorflow']",[0.0],0.03,0
MERN 스택,1,React 기반 쇼핑몰 개발,"['javascript', 'node.js', 'react', 'express', 'mongodb']","['express', 'mongodb', 'node.js', 'react', 'typescript']",[0.6666666666666666],0.5787,1
MERN 스택,2,Vue3 + Nuxt 포트폴리오 사이트,"['javascript', 'node.js', 'react', 'express', 'mongodb']","['nuxt.js', 'tailwind css', 'typescript', 'vue.js']",[0.0],0.03,0
MERN 스택,3,Django REST API 서버 구축,"['javascript', 'node.js', 'react', 'express', 'mongodb']","['django', 'docker', 'postgresql', 'python', 'redis']",[0.0],0.03,0
MERN 스택,4,Spring Boot 마이크로서비스,"['javascript', 'node.js', 'react', 'express', 'mongodb']","['docker', 'java', 'kubernetes', 'postgresql', 'spring boot']",[0.0],0.03,0
MERN 스택,5,Node.js 실시간 채팅 앱,"['javascript', 'node.js', 'react', 'express', 'mongodb']","['express', 'mongodb', 'node.js', 'redis', 'socket.io']",[0.42857142857142855],0.413,1
MERN 스택,6,React Native 투두 앱,"['javascript', 'node.js', 'react', 'express', 'mongodb']","['expo', 'firebase', 'react native', 'typescript']",[0.0],0.03,0
MERN 스택,7,Flutter 전자상거래 앱,"['javascript', 'node.js', 'react', 'express', 'mongodb']","['dart', 'firebase', 'flutter', 'sqlite']",[0.0],0.03,0
MERN 스택,8,FastAPI 비동기 웹서버,"['javascript', 'node.js', 'react', 'express', 'mongodb']","['fastapi', 'postgresql', 'python', 'redis', 'sqlalchemy']",[0.0],0.03,0
MERN 스택,9,Angular 관리자 대시보드,"['javascript', 'node.js', 'react', 'express', 'mongodb']","['angular', 'chart.js', 'material ui', 'rxjs', 'typescript']",[0.0],0.03,0
MERN 스택,10,SvelteKit 블로그 플랫폼,"['javascript', 'node.js', 'react', 'express', 'mongodb']","['prisma', 'sqlite', 'svelte', 'sveltekit', 'typescript']",[0.0],0.03,0
MERN 스택,11,Go 마이크로서비스 API,"['javascript', 'node.js', 'react', 'express', 'mongodb']","['docker', 'gin', 'go', 'grpc', 'postgresql']",[0.0],0.03,0
MERN 스택,12,.NET Core 웹 애플리케이션,"['javascript', 'node.js', 'react', 'express', 'mongodb']","['.net core', 'azure', 'c#', 'entity framework', 'sql server']",[0.0],0.03,0
MERN 스택,13,Laravel CMS 시스템,"['javascript', 'node.js', 'react', 'express', 'mongodb']","['blade', 'eloquent orm', 'laravel', 'mysql', 'php']",[0.0],0.03,0
MERN 스택,14,Rust 고성능 웹서버,"['javascript', 'node.js', 'react', 'express', 'mongodb']","['actix web', 'diesel', 'postgresql', 'redis', 'rust']",[0.0],0.03,0
MERN 스택,15,Unity 2D 인디게임,"['javascript', 'node.js', 'react', 'express', 'mongodb']","['blender', 'c#', 'unity', 'visual scripting']",[0.0],0.03,0
MERN 스택,16,Kubernetes 클러스터 구축,"['javascript', 'node.js', 'react', 'express', 'mongodb']","['aws', 'docker', 'jenkins', 'kubernetes', 'terraform']",[0.0],0.03,0
MERN 스택,17,Python ML 추천시스템,"['javascript', 'node.js', 'react', 'express', 'mongodb']","['fastapi', 'numpy', 'pandas', 'python', 'scikit learn', 'tensorflow']",[0.0],0.03,0
PERN 스택,1,React 기반 쇼핑몰 개발,"['javascript', 'node.js', 'react', 'express', 'postgresql']","['express', 'mongodb', 'node.js', 'react', 'typescript']",[0.42857142857142855],0.413,1
PERN 스택,2,Vue3 + Nuxt 포트폴리오 사이트,"['javascript', 'node.js', 'react', 'express', 'postgresql']","['nuxt.js', 'tailwind css', 'typescript', 'vue.js']",[0.0],0.03,0
PERN 스택,3,Django REST API 서버 구축,"['javascript', 'node.js', 'react', 'express', 'postgresql']","['django', 'docker', 'postgresql', 'python', 'redis']",[0.1111111111111111],0.145,0
PERN 스택,4,Spring Boot 마이크로서비스,"['javascript', 'node.js', 'react', 'express', 'postgresql']","['docker', 'java', 'kubernetes', 'postgresql', 'spring boot']",[0.1111111111111111],0.145,0
PERN 스택,5,Node.js 실시간 채팅 앱,"['javascript', 'node.js', 'react', 'express', 'postgresql']","['express', 'mongodb', 'node.js', 'redis', 'socket.io']",[0.25],0.271,1
PERN 스택,6,React Native 투두 앱,"['javascript', 'node.js', 'react', 'express', 'postgresql']","['expo', 'firebase', 'react native', 'typescript']",[0.0],0.03,0
PERN 스택,7,Flutter 전자상거래 앱,"['javascript', 'node.js', 'react', 'express', 'postgresql']","['dart', 'firebase', 'flutter', 'sqlite']",[0.0],0.03,0
PERN 스택,8,FastAPI 비동기 웹서버,"['javascript', 'node.js', 'react', 'express', 'postgresql']","['fastapi', 'postgresql', 'python', 'redis', 'sqlalchemy']",[0.1111111111111111],0.145,0
PERN 스택,9,Angular 관리자 대시보드,"['javascript', 'node.js', 'react', 'express', 'postgresql']","['angular', 'chart.js', 'material ui', 'rxjs', 'typescript']",[0.0],0.03,0
PERN 스택,10,SvelteKit 블로그 플랫폼,"['javascript', 'node.js', 'react', 'express', 'postgresql']","['prisma', 'sqlite', 'svelte', 'sveltekit', 'typescript']",[0.0],0.03,0
PERN 스택,11,Go 마이크로서비스 API,"['javascript', 'node.js', 'react', 'express', 'postgresql']","['docker', 'gin', 'go', 'grpc', 'postgresql']",[0.1111111111111111],0.145,0
PERN 스택,12,.NET Core 웹 애플리케이션,"['javascript', 'node.js', 'react', 'express', 'postgresql']","['.net core', 'azure', 'c#', 'entity framework', 'sql server']",[0.0],0.03,0
PERN 스택,13,Laravel CMS 시스템,"['javascript', 'node.js', 'react', 'express', 'postgresql']","['blade', 'eloquent orm', 'laravel', 'mysql', 'php']",[0.0],0.03,0
PERN 스택,14,Rust 고성능 웹서버,"['javascript', 'node.js', 'react', 'express', 'postgresql']","['actix web', 'diesel', 'postgresql', 'redis', 'rust']",[0.1111111111111111],0.145,0
PERN 스택,15,Unity 2D 인디게임,"['javascript', 'node.js', 'react', 'express', 'postgresql']","['blender', 'c#', 'unity', 'visual scripting']",[0.0],0.03,0
PERN 스택,16,Kubernetes 클러스터 구축,"['javascript', 'node.js', 'react', 'express', 'postgresql']","['aws', 'docker', 'jenkins', 'kubernetes', 'terraform']",[0.0],0.03,0
PERN 스택,17,Python ML 추천시스템,"['javascript', 'node.js', 'react', 'express', 'postgresql']","['fastapi', 'numpy', 'pandas', 'python', 'scikit learn', 'tensorflow']",[0.0],0.03,0
React Native 개발자,1,React 기반 쇼핑몰 개발,"['javascript', 'react', 'react native', 'typescript']","['express', 'mongodb', 'node.js', 'react', 'typescript']",[0.2857142857142857],0.3013,1
React Native 개발자,2,Vue3 + Nuxt 포트폴리오 사이트,"['javascript', 'react', 'react native', 'typescript']","['nuxt.js', 'tailwind css', 'typescript', 'vue.js']",[0.14285714285714285],0.1745,1
React Native 개발자,3,Django REST API 서버 구축,"['javascript', 'react', 'react native', 'typescript']","['django', 'docker', 'postgresql', 'python', 'redis']",[0.0],0.03,0
React Native 개발자,4,Spring Boot 마이크로서비스,"['javascript', 'react', 'react native', 'typescript']","['docker', 'java', 'kubernetes', 'postgresql', 'spring boot']",[0.0],0.03,0
React Native 개발자,5,Node.js 실시간 채팅 앱,"['javascript', 'react', 'react native', 'typescript']","['express', 'mongodb', 'node.js', 'redis', 'socket.io']",[0.0],0.03,0
React Native 개발자,6,React Native 투두 앱,"['javascript', 'react', 'react native', 'typescript']","['expo', 'firebase', 'react native', 'typescript']",[0.3333333333333333],0.3381,1
React Native 개발자,7,Flutter 전자상거래 앱,"['javascript', 'react', 'react native', 'typescript']","['dart', 'firebase', 'flutter', 'sqlite']",[0.0],0.03,0
React Native 개발자,8,FastAPI 비동기 웹서버,"['javascript', 'react', 'react native', 'typescript']","['fastapi', 'postgresql', 'python', 'redis', 'sqlalchemy']",[0.0],0.03,0
React Native 개발자,9,Angular 관리자 대시보드,"['javascript', 'react', 'react native', 'typescript']","['angular', 'chart.js', 'material ui', 'rxjs', 'typescript']",[0.125],0.1585,1
React Native 개발자,10,SvelteKit 블로그 플랫폼,"['javascript', 'react', 'react native', 'typescript']","['prisma', 'sqlite', 'svelte', 'sveltekit', 'typescript']",[0.125],0.1585,1
React Native 개발자,11,Go 마이크로서비스 API,"['javascript', 'react', 'react native', 'typescript']","['docker', 'gin', 'go', 'grpc', 'postgresql']",[0.0],0.03,0
React Native 개발자,12,.NET Core 웹 애플리케이션,"['javascript', 'react', 'react native', 'typescript']","['.net core', 'azure', 'c#', 'entity framework', 'sql server']",[0.0],0.03,0
React Native 개발자,13,Laravel CMS 시스템,"['javascript', 'react', 'react native', 'typescript']","['blade', 'eloquent orm', 'laravel', 'mysql', 'php']",[0.0],0.03,0
React Native 개발자,14,Rust 고성능 웹서버,"['javascript', 'react', 'react native', 'typescript']","['actix web', 'diesel', 'postgresql', 'redis', 'rust']",[0.0],0.03,0
React Native 개발자,15,Unity 2D 인디게임,"['javascript', 'react', 'react native', 'typescript']","['blender', 'c#', 'unity', 'visual scripting']",[0.0],0.03,0
React Native 개발자,16,Kubernetes 클러스터 구축,"['javascript', 'react', 'react native', 'typescript']","['aws', 'docker', 'jenkins', 'kubernetes', 'terraform']",[0.0],0.03,0
React Native 개발자,17,Python ML 추천시스템,"['javascript', 'react', 'react native', 'typescript']","['fastapi', 'numpy', 'pandas', 'python', 'scikit learn', 'tensorflow']",[0.0],0.03,0
Flutter 개발자,1,React 기반 쇼핑몰 개발,"['dart', 'flutter', 'firebase', 'sqlite']","['express', 'mongodb', 'node.js', 'react', 'typescript']",[0.0],0.03,0
Flutter 개발자,2,Vue3 + Nuxt 포트폴리오 사이트,"['dart', 'flutter', 'firebase', 'sqlite']","['nuxt.js', 'tailwind css', 'typescript', 'vue.js']",[0.0],0.03,0
Flutter 개발자,3,Django REST API 서버 구축,"['dart', 'flutter', 'firebase', 'sqlite']","['django', 'docker', 'postgresql', 'python', 'redis']",[0.0],0.03,0
Flutter 개발자,4,Spring Boot 마이크로서비스,"['dart', 'flutter', 'firebase', 'sqlite']","['docker', 'java', 'kubernetes', 'postgresql', 'spring boot']",[0.0],0.03,0
Flutter 개발자,5,Node.js 실시간 채팅 앱,"['dart', 'flutter', 'firebase', 'sqlite']","['express', 'mongodb', 'node.js', 'redis', 'socket.io']",[0.0],0.03,0
Flutter 개발자,6,React Native 투두 앱,"['dart', 'flutter', 'firebase', 'sqlite']","['expo', 'firebase', 'react native', 'typescript']",[0.14285714285714285],0.177,1
Flutter 개발자,7,Flutter 전자상거래 앱,"['dart', 'flutter', 'firebase', 'sqlite']","['dart', 'firebase', 'flutter', 'sqlite']",[1.0],0.782,1
Flutter 개발자,8,FastAPI 비동기 웹서버,"['dart', 'flutter', 'firebase', 'sqlite']","['fastapi', 'postgresql', 'python', 'redis', 'sqlalchemy']",[0.0],0.03,0
Flutter 개발자,9,Angular 관리자 대시보드,"['dart', 'flutter', 'firebase', 'sqlite']","['angular', 'chart.js', 'material ui', 'rxjs', 'typescript']",[0.0],0.03,0
Flutter 개발자,10,SvelteKit 블로그 플랫폼,"['dart', 'flutter', 'firebase', 'sqlite']","['prisma', 'sqlite', 'svelte', 'sveltekit', 'typescript']",[0.125],0.1541,1
Flutter 개발자,11,Go 마이크로서비스 API,"['dart', 'flutter', 'firebase', 'sqlite']","['docker', 'gin', 'go', 'grpc', 'postgresql']",[0.0],0.03,0
Flutter 개발자,12,.NET Core 웹 애플리케이션,"['dart', 'flutter', 'firebase', 'sqlite']","['.net core', 'azure', 'c#', 'entity framework', 'sql server']",[0.0],0.03,0
Flutter 개발자,13,Laravel CMS 시스템,"['dart', 'flutter', 'firebase', 'sqlite']","['blade', 'eloquent orm', 'laravel', 'mysql', 'php']",[0.0],0.03,0
Flutter 개발자,14,Rust 고성능 웹서버,"['dart', 'flutter', 'firebase', 'sqlite']","['actix web', 'diesel', 'postgresql', 'redis', 'rust']",[0.0],0.03,0
Flutter 개발자,15,Unity 2D 인디게임,"['dart', 'flutter', 'firebase', 'sqlite']","['blender', 'c#', 'unity', 'visual scripting']",[0.0],0.03,0
Flutter 개발자,16,Kubernetes 클러스터 구축,"['dart', 'flutter', 'firebase', 'sqlite']","['aws', 'docker', 'jenkins', 'kubernetes', 'terraform']",[0.0],0.03,0
Flutter 개발자,17,Python ML 추천시스템,"['dart', 'flutter', 'firebase', 'sqlite']","['fastapi', 'numpy', 'pandas', 'python', 'scikit learn', 'tensorflow']",[0.0],0.03,0
DevOps 엔지니어,1,React 기반 쇼핑몰 개발,"['docker', 'kubernetes', 'aws', 'terraform']","['express', 'mongodb', 'node.js', 'react', 'typescript']",[0.0],0.03,0
DevOps 엔지니어,2,Vue3 + Nuxt 포트폴리오 사이트,"['docker', 'kubernetes', 'aws', 'terraform']","['nuxt.js', 'tailwind css', 'typescript', 'vue.js']",[0.0],0.03,0
DevOps 엔지니어,3,Django REST API 서버 구축,"['docker', 'kubernetes', 'aws', 'terraform']","['django', 'docker', 'postgresql', 'python', 'redis']",[0.125],0.1597,1
DevOps 엔지니어,4,Spring Boot 마이크로서비스,"['docker', 'kubernetes', 'aws', 'terraform']","['docker', 'java', 'kubernetes', 'postgresql', 'spring boot']",[0.2857142857142857],0.3037,1
DevOps 엔지니어,5,Node.js 실시간 채팅 앱,"['docker', 'kubernetes', 'aws', 'terraform']","['express', 'mongodb', 'node.js', 'redis', 'socket.io']",[0.0],0.03,0
DevOps 엔지니어,6,React Native 투두 앱,"['docker', 'kubernetes', 'aws', 'terraform']","['expo', 'firebase', 'react native', 'typescript']",[0.0],0.03,0
DevOps 엔지니어,7,Flutter 전자상거래 앱,"['docker', 'kubernetes', 'aws', 'terraform']","['dart', 'firebase', 'flutter', 'sqlite']",[0.0],0.03,0
DevOps 엔지니어,8,FastAPI 비동기 웹서버,"['docker', 'kubernetes', 'aws', 'terraform']","['fastapi', 'postgresql', 'python', 'redis', 'sqlalchemy']",[0.0],0.03,0
DevOps 엔지니어,9,Angular 관리자 대시보드,"['docker', 'kubernetes', 'aws', 'terraform']","['angular', 'chart.js', 'material ui', 'rxjs', 'typescript']",[0.0],0.03,0
DevOps 엔지니어,10,SvelteKit 블로그 플랫폼,"['docker', 'kubernetes', 'aws', 'terraform']","['prisma', 'sqlite', 'svelte', 'sveltekit', 'typescript']",[0.0],0.03,0
DevOps 엔지니어,11,Go 마이크로서비스 API,"['docker', 'kubernetes', 'aws', 'terraform']","['docker', 'gin', 'go', 'grpc', 'postgresql']",[0.125],0.1597,1
DevOps 엔지니어,12,.NET Core 웹 애플리케이션,"['docker', 'kubernetes', 'aws', 'terraform']","['.net core', 'azure', 'c#', 'entity framework', 'sql server']",[0.0],0.03,0
DevOps 엔지니어,13,Laravel CMS 시스템,"['docker', 'kubernetes', 'aws', 'terraform']","['blade', 'eloquent orm', 'laravel', 'mysql', 'php']",[0.0],0.03,0
DevOps 엔지니어,14,Rust 고성능 웹서버,"['docker', 'kubernetes', 'aws', 'terraform']","['actix web', 'diesel', 'postgresql', 'redis', 'rust']",[0.0],0.03,0
DevOps 엔지니어,15,Unity 2D 인디게임,"['docker', 'kubernetes', 'aws', 'terraform']","['blender', 'c#', 'unity', 'visual scripting']",[0.0],0.03,0
DevOps 엔지니어,16,Kubernetes 클러스터 구축,"['docker', 'kubernetes', 'aws', 'terraform']","['aws', 'docker', 'jenkins', 'kubernetes', 'terraform']",[0.8],0.6689,1
DevOps 엔지니어,17,Python ML 추천시스템,"['docker', 'kubernetes', 'aws', 'terraform']","['fastapi', 'numpy', 'pandas', 'python', 'scikit learn', 'tensorflow']",[0.0],0.03,0
Unity 게임 개발자,1,React 기반 쇼핑몰 개발,"['c#', 'unity', 'blender']","['express', 'mongodb', 'node.js', 'react', 'typescript']",[0.0],0.03,0
Unity 게임 개발자,2,Vue3 + Nuxt 포트폴리오 사이트,"['c#', 'unity', 'blender']","['nuxt.js', 'tailwind css', 'typescript', 'vue.js']",[0.0],0.03,0
Unity 게임 개발자,3,Django REST API 서버 구축,"['c#', 'unity', 'blender']","['django', 'docker', 'postgresql', 'python', 'redis']",[0.0],0.03,0
Unity 게임 개발자,4,Spring Boot 마이크로서비스,"['c#', 'unity', 'blender']","['docker', 'java', 'kubernetes', 'postgresql', 'spring boot']",[0.0],0.03,0
Unity 게임 개발자,5,Node.js 실시간 채팅 앱,"['c#', 'unity', 'blender']","['express', 'mongodb', 'node.js', 'redis', 'socket.io']",[0.0],0.03,0
Unity 게임 개발자,6,React Native 투두 앱,"['c#', 'unity', 'blender']","['expo', 'firebase', 'react native', 'typescript']",[0.0],0.03,0
Unity 게임 개발자,7,Flutter 전자상거래 앱,"['c#', 'unity', 'blender']","['dart', 'firebase', 'flutter', 'sqlite']",[0.0],0.03,0
Unity 게임 개발자,8,FastAPI 비동기 웹서버,"['c#', 'unity', 'blender']","['fastapi', 'postgresql', 'python', 'redis', 'sqlalchemy']",[0.0],0.03,0
Unity 게임 개발자,9,Angular 관리자 대시보드,"['c#', 'unity', 'blender']","['angular', 'chart.js', 'material ui', 'rxjs', 'typescript']",[0.0],0.03,0
Unity 게임 개발자,10,SvelteKit 블로그 플랫폼,"['c#', 'unity', 'blender']","['prisma', 'sqlite', 'svelte', 'sveltekit', 'typescript']",[0.0],0.03,0
Unity 게임 개발자,11,Go 마이크로서비스 API,"['c#', 'unity', 'blender']","['docker', 'gin', 'go', 'grpc', 'postgresql']",[0.0],0.03,0
Unity 게임 개발자,12,.NET Core 웹 애플리케이션,"['c#', 'unity', 'blender']","['.net core', 'azure', 'c#', 'entity framework', 'sql server']",[0.14285714285714285],0.1815,1
Unity 게임 개발자,13,Laravel CMS 시스템,"['c#', 'unity', 'blender']","['blade', 'eloquent orm', 'laravel', 'mysql', 'php']",[0.0],0.03,0
Unity 게임 개발자,14,Rust 고성능 웹서버,"['c#', 'unity', 'blender']","['actix web', 'diesel', 'postgresql', 'redis', 'rust']",[0.0],0.03,0
Unity 게임 개발자,15,Unity 2D 인디게임,"['c#', 'unity', 'blender']","['blender', 'c#', 'unity', 'visual scripting']",[0.75],0.6329,1
Unity 게임 개발자,16,Kubernetes 클러스터 구축,"['c#', 'unity', 'blender']","['aws', 'docker', 'jenkins', 'kubernetes', 'terraform']",[0.0],0.03,0
Unity 게임 개발자,17,Python ML 추천시스템,"['c#', 'unity', 'blender']","['fastapi', 'numpy', 'pandas', 'python', 'scikit learn', 'tensorflow']",[0.0],0.03,0
ML 엔지니어,1,React 기반 쇼핑몰 개발,"['numpy', 'pandas', 'python', 'tensorflow', 'scikit learn']","['express', 'mongodb', 'node.js', 'react', 'typescript']",[0.0],0.03,0
ML 엔지니어,2,Vue3 + Nuxt 포트폴리오 사이트,"['numpy', 'pandas', 'python', 'tensorflow', 'scikit learn']","['nuxt.js', 'tailwind css', 'typescript', 'vue.js']",[0.0],0.03,0
ML 엔지니어,3,Django REST API 서버 구축,"['numpy', 'pandas', 'python', 'tensorflow', 'scikit learn']","['django', 'docker', 'postgresql', 'python', 'redis']",[0.1111111111111111],0.1441,0
ML 엔지니어,4,Spring Boot 마이크로서비스,"['numpy', 'pandas', 'python', 'tensorflow', 'scikit learn']","['docker', 'java', 'kubernetes', 'postgresql', 'spring boot']",[0.0],0.03,0
ML 엔지니어,5,Node.js 실시간 채팅 앱,"['numpy', 'pandas', 'python', 'tensorflow', 'scikit learn']","['express', 'mongodb', 'node.js', 'redis', 'socket.io']",[0.0],0.03,0
ML 엔지니어,6,React Native 투두 앱,"['numpy', 'pandas', 'python', 'tensorflow', 'scikit learn']","['expo', 'firebase', 'react native', 'typescript']",[0.0],0.03,0
ML 엔지니어,7,Flutter 전자상거래 앱,"['numpy', 'pandas', 'python', 'tensorflow', 'scikit learn']","['dart', 'firebase', 'flutter', 'sqlite']",[0.0],0.03,0
ML 엔지니어,8,FastAPI 비동기 웹서버,"['numpy', 'pandas', 'python', 'tensorflow', 'scikit learn']","['fastapi', 'postgresql', 'python', 'redis', 'sqlalchemy']",[0.1111111111111111],0.1441,0
ML 엔지니어,9,Angular 관리자 대시보드,"['numpy', 'pandas', 'python', 'tensorflow', 'scikit learn']","['angular', 'chart.js', 'material ui', 'rxjs', 'typescript']",[0.0],0.03,0
ML 엔지니어,10,SvelteKit 블로그 플랫폼,"['numpy', 'pandas', 'python', 'tensorflow', 'scikit learn']","['prisma', 'sqlite', 'svelte', 'sveltekit', 'typescript']",[0.0],0.03,0
ML 엔지니어,11,Go 마이크로서비스 API,"['numpy', 'pandas', 'python', 'tensorflow', 'scikit learn']","['docker', 'gin', 'go', 'grpc', 'postgresql']",[0.0],0.03,0
ML 엔지니어,12,.NET Core 웹 애플리케이션,"['numpy', 'pandas', 'python', 'tensorflow', 'scikit learn']","['.net core', 'azure', 'c#', 'entity framework', 'sql server']",[0.0],0.03,0
ML 엔지니어,13,Laravel CMS 시스템,"['numpy', 'pandas', 'python', 'tensorflow', 'scikit learn']","['blade', 'eloquent orm', 'laravel', 'mysql', 'php']",[0.0],0.03,0
ML 엔지니어,14,Rust 고성능 웹서버,"['numpy', 'pandas', 'python', 'tensorflow', 'scikit learn']","['actix web', 'diesel', 'postgresql', 'redis', 'rust']",[0.0],0.03,0
ML 엔지니어,15,Unity 2D 인디게임,"['numpy', 'pandas', 'python', 'tensorflow', 'scikit learn']","['blender', 'c#', 'unity', 'visual scripting']",[0.0],0.03,0
ML 엔지니어,16,Kubernetes 클러스터 구축,"['numpy', 'pandas', 'python', 'tensorflow', 'scikit learn']","['aws', 'docker', 'jenkins', 'kubernetes', 'terraform']",[0.0],0.03,0
ML 엔지니어,17,Python ML 추천시스템,"['numpy', 'pandas', 'python', 'tensorflow', 'scikit learn']","['fastapi', 'numpy', 'pandas', 'python', 'scikit learn', 'tensorflow']",[0.8333333333333334],0.6825,1
프로그래밍 입문자,1,React 기반 쇼핑몰 개발,"['html', 'python']","['express', 'mongodb', 'node.js', 'react', 'typescript']",[0.0],0.03,0
프로그래밍 입문자,2,Vue3 + Nuxt 포트폴리오 사이트,"['html', 'python']","['nuxt.js', 'tailwind css', 'typescript', 'vue.js']",[0.0],0.03,0
프로그래밍 입문자,3,Django REST API 서버 구축,"['html', 'python']","['django', 'docker', 'postgresql', 'python', 'redis']",[0.16666666666666666],0.2112,1
프로그래밍 입문자,4,Spring Boot 마이크로서비스,"['html', 'python']","['docker', 'java', 'kubernetes', 'postgresql', 'spring boot']",[0.0],0.03,0
프로그래밍 입문자,5,Node.js 실시간 채팅 앱,"['html', 'python']","['express', 'mongodb', 'node.js', 'redis', 'socket.io']",[0.0],0.03,0
프로그래밍 입문자,6,React Native 투두 앱,"['html', 'python']","['expo', 'firebase', 'react native', 'typescript']",[0.0],0.03,0
프로그래밍 입문자,7,Flutter 전자상거래 앱,"['html', 'python']","['dart', 'firebase', 'flutter', 'sqlite']",[0.0],0.03,0
프로그래밍 입문자,8,FastAPI 비동기 웹서버,"['html', 'python']","['fastapi', 'postgresql', 'python', 'redis', 'sqlalchemy']",[0.16666666666666666],0.2112,1
프로그래밍 입문자,9,Angular 관리자 대시보드,"['html', 'python']","['angular', 'chart.js', 'material ui', 'rxjs', 'typescript']",[0.0],0.03,0
프로그래밍 입문자,10,SvelteKit 블로그 플랫폼,"['html', 'python']","['prisma', 'sqlite', 'svelte', 'sveltekit', 'typescript']",[0.0],0.03,0
프로그래밍 입문자,11,Go 마이크로서비스 API,"['html', 'python']","['docker', 'gin', 'go', 'grpc', 'postgresql']",[0.0],0.03,0
프로그래밍 입문자,12,.NET Core 웹 애플리케이션,"['html', 'python']","['.net core', 'azure', 'c#', 'entity framework', 'sql server']",[0.0],0.03,0
프로그래밍 입문자,13,Laravel CMS 시스템,"['html', 'python']","['blade', 'eloquent orm', 'laravel', 'mysql', 'php']",[0.0],0.03,0
프로그래밍 입문자,14,Rust 고성능 웹서버,"['html', 'python']","['actix web', 'diesel', 'postgresql', 'redis', 'rust']",[0.0],0.03,0
프로그래밍 입문자,15,Unity 2D 인디게임,"['html', 'python']","['blender', 'c#', 'unity', 'visual scripting']",[0.0],0.03,0
프로그래밍 입문자,16,Kubernetes 클러스터 구축,"['html', 'python']","['aws', 'docker', 'jenkins', 'kubernetes', 'terraform']",[0.0],0.03,0
프로그래밍 입문자,17,Python ML 추천시스템,"['html', 'python']","['fastapi', 'numpy', 'pandas', 'python', 'scikit learn', 'tensorflow']",[0.14285714285714285],0.1954,1
웹개발 입문자,1,React 기반 쇼핑몰 개발,"['html', 'css', 'javascript']","['express', 'mongodb', 'node.js', 'react', 'typescript']",[0.0],0.03,0
웹개발 입문자,2,Vue3 + Nuxt 포트폴리오 사이트,"['html', 'css', 'javascript']","['nuxt.js', 'tailwind css', 'typescript', 'vue.js']",[0.0],0.03,0
웹개발 입문자,3,Django REST API 서버 구축,"['html', 'css', 'javascript']","['django', 'docker', 'postgresql', 'python', 'redis']",[0.0],0.03,0
웹개발 입문자,4,Spring Boot 마이크로서비스,"['html', 'css', 'javascript']","['docker', 'java', 'kubernetes', 'postgresql', 'spring boot']",[0.0],0.03,0
웹개발 입문자,5,Node.js 실시간 채팅 앱,"['html', 'css', 'javascript']","['express', 'mongodb', 'node.js', 'redis', 'socket.io']",[0.0],0.03,0
웹개발 입문자,6,React Native 투두 앱,"['html', 'css', 'javascript']","['expo', 'firebase', 'react native', 'typescript']",[0.0],0.03,0
웹개발 입문자,7,Flutter 전자상거래 앱,"['html', 'css', 'javascript']","['dart', 'firebase', 'flutter', 'sqlite']",[0.0],0.03,0
웹개발 입문자,8,FastAPI 비동기 웹서버,"['html', 'css', 'javascript']","['fastapi', 'postgresql', 'python', 'redis', 'sqlalchemy']",[0.0],0.03,0
웹개발 입문자,9,Angular 관리자 대시보드,"['html', 'css', 'javascript']","['angular', 'chart.js', 'material ui', 'rxjs', 'typescript']",[0.0],0.03,0
웹개발 입문자,10,SvelteKit 블로그 플랫폼,"['html', 'css', 'javascript']","['prisma', 'sqlite', 'svelte', 'sveltekit', 'typescript']",[0.0],0.03,0
웹개발 입문자,11,Go 마이크로서비스 API,"['html', 'css', 'javascript']","['docker', 'gin', 'go', 'grpc', 'postgresql']",[0.0],0.03,0
웹개발 입문자,12,.NET Core 웹 애플리케이션,"['html', 'css', 'javascript']","['.net core', 'azure', 'c#', 'entity framework', 'sql server']",[0.0],0.03,0
웹개발 입문자,13,Laravel CMS 시스템,"['html', 'css', 'javascript']","['blade', 'eloquent orm', 'laravel', 'mysql', 'php']",[0.0],0.03,0
웹개발 입문자,14,Rust 고성능 웹서버,"['html', 'css', 'javascript']","['actix web', 'diesel', 'postgresql', 'redis', 'rust']",[0.0],0.03,0
웹개발 입문자,15,Unity 2D 인디게임,"['html', 'css', 'javascript']","['blender', 'c#', 'unity', 'visual scripting']",[0.0],0.03,0
웹개발 입문자,16,Kubernetes 클러스터 구축,"['html', 'css', 'javascript']","['aws', 'docker', 'jenkins', 'kubernetes', 'terraform']",[0.0],0.03,0
웹개발 입문자,17,Python ML 추천시스템,"['html', 'css', 'javascript']","['fastapi', 'numpy', 'pandas', 'python', 'scikit learn', 'tensorflow']",[0.0],0.03,0
Python + JS,1,React 기반 쇼핑몰 개발,"['javascript', 'python', 'django', 'react']","['express', 'mongodb', 'node.js', 'react', 'typescript']",[0.125],0.1583,1
Python + JS,2,Vue3 + Nuxt 포트폴리오 사이트,"['javascript', 'python', 'django', 'react']","['nuxt.js', 'tailwind css', 'typescript', 'vue.js']",[0.0],0.03,0
Python + JS,3,Django REST API 서버 구축,"['javascript', 'python', 'django', 'react']","['django', 'docker', 'postgresql', 'python', 'redis']",[0.2857142857142857],0.3096,1
Python + JS,4,Spring Boot 마이크로서비스,"['javascript', 'python', 'django', 'react']","['docker', 'java', 'kubernetes', 'postgresql', 'spring boot']",[0.0],0.03,0
Python + JS,5,Node.js 실시간 채팅 앱,"['javascript', 'python', 'django', 'react']","['express', 'mongodb', 'node.js', 'redis', 'socket.io']",[0.0],0.03,0
Python + JS,6,React Native 투두 앱,"['javascript', 'python', 'django', 'react']","['expo', 'firebase', 'react native', 'typescript']",[0.0],0.03,0
Python + JS,7,Flutter 전자상거래 앱,"['javascript', 'python', 'django', 'react']","['dart', 'firebase', 'flutter', 'sqlite']",[0.0],0.03,0
Python + JS,8,FastAPI 비동기 웹서버,"['javascript', 'python', 'django', 'react']","['fastapi', 'postgresql', 'python', 'redis', 'sqlalchemy']",[0.125],0.1671,1
Python + JS,9,Angular 관리자 대시보드,"['javascript', 'python', 'django', 'react']","['angular', 'chart.js', 'material ui', 'rxjs', 'typescript']",[0.0],0.03,0
Python + JS,10,SvelteKit 블로그 플랫폼,"['javascript', 'python', 'django', 'react']","['prisma', 'sqlite', 'svelte', 'sveltekit', 'typescript']",[0.0],0.03,0
Python + JS,11,Go 마이크로서비스 API,"['javascript', 'python', 'django', 'react']","['docker', 'gin', 'go', 'grpc', 'postgresql']",[0.0],0.03,0
Python + JS,12,.NET Core 웹 애플리케이션,"['javascript', 'python', 'django', 'react']","['.net core', 'azure', 'c#', 'entity framework', 'sql server']",[0.0],0.03,0
Python + JS,13,Laravel CMS 시스템,"['javascript', 'python', 'django', 'react']","['blade', 'eloquent orm', 'laravel', 'mysql', 'php']",[0.0],0.03,0
Python + JS,14,Rust 고성능 웹서버,"['javascript', 'python', 'django', 'react']","['actix web', 'diesel', 'postgresql', 'redis', 'rust']",[0.0],0.03,0
Python + JS,15,Unity 2D 인디게임,"['javascript', 'python', 'django', 'react']","['blender', 'c#', 'unity', 'visual scripting']",[0.0],0.03,0
Python + JS,16,Kubernetes 클러스터 구축,"['javascript', 'python', 'django', 'react']","['aws', 'docker', 'jenkins', 'kubernetes', 'terraform']",[0.0],0.03,0
Python + JS,17,Python ML 추천시스템,"['javascript', 'python', 'django', 'react']","['fastapi', 'numpy', 'pandas', 'python', 'scikit learn', 'tensorflow']",[0.1111111111111111],0.1547,1
Java + React,1,React 기반 쇼핑몰 개발,"['java', 'javascript', 'react', 'spring boot']","['express', 'mongodb', 'node.js', 'react', 'typescript']",[0.125],0.1612,1
Java + React,2,Vue3 + Nuxt 포트폴리오 사이트,"['java', 'javascript', 'react', 'spring boot']","['nuxt.js', 'tailwind css', 'typescript', 'vue.js']",[0.0],0.03,0
Java + React,3,Django REST API 서버 구축,"['java', 'javascript', 'react', 'spring boot']","['django', 'docker', 'postgresql', 'python', 'redis']",[0.0],0.03,0
Java + React,4,Spring Boot 마이크로서비스,"['java', 'javascript', 'react', 'spring boot']","['docker', 'java', 'kubernetes', 'postgresql', 'spring boot']",[0.2857142857142857],0.3067,1
Java + React,5,Node.js 실시간 채팅 앱,"['java', 'javascript', 'react', 'spring boot']","['express', 'mongodb', 'node.js', 'redis', 'socket.io']",[0.0],0.03,0
Java + React,6,React Native 투두 앱,"['java', 'javascript', 'react', 'spring boot']","['expo', 'firebase', 'react native', 'typescript']",[0.0],0.03,0
Java + React,7,Flutter 전자상거래 앱,"['java', 'javascript', 'react', 'spring boot']","['dart', 'firebase', 'flutter', 'sqlite']",[0.0],0.03,0
Java + React,8,FastAPI 비동기 웹서버,"['java', 'javascript', 'react', 'spring boot']","['fastapi', 'postgresql', 'python', 'redis', 'sqlalchemy']",[0.0],0.03,0
Java + React,9,Angular 관리자 대시보드,"['java', 'javascript', 'react', 'spring boot']","['angular', 'chart.js', 'material ui', 'rxjs', 'typescript']",[0.0],0.03,0
Java + React,10,SvelteKit 블로그 플랫폼,"['java', 'javascript', 'react', 'spring boot']","['prisma', 'sqlite', 'svelte', 'sveltekit', 'typescript']",[0.0],0.03,0
Java + React,11,Go 마이크로서비스 API,"['java', 'javascript', 'react', 'spring boot']","['docker', 'gin', 'go', 'grpc', 'postgresql']",[0.0],0.03,0
Java + React,12,.NET Core 웹 애플리케이션,"['java', 'javascript', 'react', 'spring boot']","['.net core', 'azure', 'c#', 'entity framework', 'sql server']",[0.0],0.03,0
Java + React,13,Laravel CMS 시스템,"['java', 'javascript', 'react', 'spring boot']","['blade', 'eloquent orm', 'laravel', 'mysql', 'php']",[0.0],0.03,0
Java + React,14,Rust 고성능 웹서버,"['java', 'javascript', 'react', 'spring boot']","['actix web', 'diesel', 'postgresql', 'redis', 'rust']",[0.0],0.03,0
Java + React,15,Unity 2D 인디게임,"['java', 'javascript', 'react', 'spring boot']","['blender', 'c#', 'unity', 'visual scripting']",[0.0],0.03,0
Java + React,16,Kubernetes 클러스터 구축,"['java', 'javascript', 'react', 'spring boot']","['aws', 'docker', 'jenkins', 'kubernetes', 'terraform']",[0.0],0.03,0
Java + React,17,Python ML 추천시스템,"['java', 'javascript', 'react', 'spring boot']","['fastapi', 'numpy', 'pandas', 'python', 'scikit learn', 'tensorflow']",[0.0],0.03,0
